recommendation_rank,recommendation_basis,universe,name,score,weekly_return_pct,signal_return_pct,distance_pct,distance_change_3d,cross_date,turnover_ratio,foreign_flow_eok,institution_flow_eok,code,stage,pullback_quality,strong_reason,flow_period,flow_start_date
1,최근 3거래일 수급 기준 · 강한 돌파 추세,KOSDAQ150,기가비스,97.8,10.5,10.8,0.75,10.85,2026-09-23,1.57,-81.5,134.9,420770,강한 돌파 추세,,주간수익률·60일선 이격·거래대금/수급 확인,recent3,2026-09-21
2,최근 3거래일 수급 기준 · 강한 돌파 추세,KOSPI200,SK스퀘어,88.9,4.24,8.65,3.69,12.0,2026-09-23,1.11,2434.3,1050.5,402340,강한 돌파 추세,,주간수익률·60일선 이격·거래대금/수급 확인,recent3,2026-09-21
3,최근 3거래일 수급 기준 · 강한 돌파 추세,KOSDAQ150,가온칩스,84.6,7.14,9.76,5.12,10.12,2026-09-22,1.78,17.5,-11.1,399720,강한 돌파 추세,,주간수익률·60일선 이격·거래대금/수급 확인,recent3,2026-09-21
4,최근 3거래일 수급 기준 · 강한 돌파 추세,KOSPI200,SK,82.4,5.02,8.98,4.19,11.6,2026-09-22,1.11,-62.3,496.8,034730,강한 돌파 추세,,주간수익률·60일선 이격·거래대금/수급 확인,recent3,2026-09-21
5,최근 3거래일 수급 기준 · 강한 돌파 추세,KOSDAQ150,카페24,80.7,17.18,19.46,6.44,16.8,2026-09-23,2.54,10.5,-2.4,042000,강한 돌파 추세,,주간수익률·60일선 이격·거래대금/수급 확인,recent3,2026-09-21
6,최근 3거래일 수급 기준 · 강한 돌파 추세,KOSPI200,삼성전기,80.4,4.82,4.82,6.54,9.86,2026-09-21,1.12,1181.9,2996.9,009150,강한 돌파 추세,,주간수익률·60일선 이격·거래대금/수급 확인,recent3,2026-09-21
7,최근 3거래일 수급 기준 · 강한 돌파 추세,KOSDAQ150,동진쎄미켐,80,9.72,13.03,9.51,14.5,2026-09-22,1.46,58.9,44.0,005290,강한 돌파 추세,,주간수익률·60일선 이격·거래대금/수급 확인,recent3,2026-09-21
8,최근 3거래일 수급 기준 · 강한 돌파 추세,KOSPI200,이수페타시스,80,7.97,13.52,20.04,16.64,,1.95,330.9,537.7,007660,강한 돌파 추세,,주간수익률·60일선 이격·거래대금/수급 확인,recent3,2026-09-21
9,최근 3거래일 수급 기준 · 강한 돌파 추세,KOSDAQ150,하나마이크론,80,2.33,18.46,27.27,21.53,,2.09,418.3,99.7,067310,강한 돌파 추세,,주간수익률·60일선 이격·거래대금/수급 확인,recent3,2026-09-21
10,최근 3거래일 수급 기준 · 강한 돌파 추세,KOSDAQ150,안랩,80,6.98,9.52,27.85,8.97,,2.11,61.7,40.1,053800,강한 돌파 추세,,주간수익률·60일선 이격·거래대금/수급 확인,recent3,2026-09-21
11,최근 3거래일 수급 기준 · 강한 돌파 추세,KOSDAQ150,와이씨,80,-0.14,18.72,31.82,20.58,,1.64,63.9,29.4,232140,강한 돌파 추세,,주간수익률·60일선 이격·거래대금/수급 확인,recent3,2026-09-21
12,최근 3거래일 수급 기준 · 강한 돌파 추세,KOSDAQ150,테크윙,79.2,1.76,7.2,5.26,7.75,2026-09-21,1.14,126.2,-93.5,089030,강한 돌파 추세,,주간수익률·60일선 이격·거래대금/수급 확인,recent3,2026-09-21
13,최근 3거래일 수급 기준 · 강한 돌파 추세,KOSPI200,미원상사,79.1,0.37,3.49,6.96,0.5,,0.57,0.5,0.6,002840,강한 돌파 추세,,주간수익률·60일선 이격·거래대금/수급 확인,recent3,2026-09-21
14,최근 3거래일 수급 기준 · 강한 돌파 추세,KOSPI200,한솔케미칼,78.5,8.92,11.21,7.18,11.18,2026-09-22,1.63,-69.3,114.1,014680,강한 돌파 추세,,주간수익률·60일선 이격·거래대금/수급 확인,recent3,2026-09-21
15,최근 3거래일 수급 기준 · 강한 돌파 추세,KOSDAQ150,리노공업,76.0,5.97,6.42,8.0,8.15,2026-09-21,1.38,-614.6,168.0,058470,강한 돌파 추세,,주간수익률·60일선 이격·거래대금/수급 확인,recent3,2026-09-21
16,최근 3거래일 수급 기준 · 강한 돌파 추세,KOSPI200,삼성전자,75,4.18,8.52,9.29,11.24,2026-09-21,1.11,25971.7,15917.7,005930,강한 돌파 추세,,주간수익률·60일선 이격·거래대금/수급 확인,recent3,2026-09-21
17,최근 3거래일 수급 기준 · 강한 돌파 추세,KOSPI200,LG전자,75,3.69,5.46,10.1,5.87,,1.12,715.5,724.0,066570,강한 돌파 추세,,주간수익률·60일선 이격·거래대금/수급 확인,recent3,2026-09-21
18,최근 3거래일 수급 기준 · 강한 돌파 추세,KOSPI200,SK아이이테크놀로지,75,5.78,6.57,12.11,8.08,,0.58,45.3,44.7,361610,강한 돌파 추세,,주간수익률·60일선 이격·거래대금/수급 확인,recent3,2026-09-21
19,최근 3거래일 수급 기준 · 강한 돌파 추세,KOSDAQ150,두산테스나,75,-1.57,8.15,14.27,11.02,,1.34,-235.3,20.6,131970,강한 돌파 추세,,주간수익률·60일선 이격·거래대금/수급 확인,recent3,2026-09-21
20,최근 3거래일 수급 기준 · 강한 돌파 추세,KOSPI200,대한항공,75,8.43,8.06,14.59,8.12,,1.19,691.7,603.8,003490,강한 돌파 추세,,주간수익률·60일선 이격·거래대금/수급 확인,recent3,2026-09-21
21,최근 3거래일 수급 기준 · 강한 돌파 추세,KOSDAQ150,원익IPS,75,1.15,6.77,16.24,10.86,,1.57,-298.8,105.6,240810,강한 돌파 추세,,주간수익률·60일선 이격·거래대금/수급 확인,recent3,2026-09-21
22,최근 3거래일 수급 기준 · 강한 돌파 추세,KOSDAQ150,유진테크,75,13.54,18.36,19.25,18.55,,1.18,32.3,88.4,084370,강한 돌파 추세,,주간수익률·60일선 이격·거래대금/수급 확인,recent3,2026-09-21
23,최근 3거래일 수급 기준 · 강한 돌파 추세,KOSPI200,SK이노베이션,75,6.06,4.42,22.05,7.28,,0.61,533.9,143.6,096770,강한 돌파 추세,,주간수익률·60일선 이격·거래대금/수급 확인,recent3,2026-09-21
24,최근 3거래일 수급 기준 · 강한 돌파 추세,KOSPI200,한미사이언스,75,3.75,8.14,25.04,5.22,,0.62,14.8,23.6,008930,강한 돌파 추세,,주간수익률·60일선 이격·거래대금/수급 확인,recent3,2026-09-21
25,최근 3거래일 수급 기준 · 강한 돌파 추세,KOSPI200,DB하이텍,75,-0.83,5.19,26.91,6.84,,1.04,61.6,32.0,000990,강한 돌파 추세,,주간수익률·60일선 이격·거래대금/수급 확인,recent3,2026-09-21
26,최근 3거래일 수급 기준 · 강한 돌파 추세,KOSDAQ150,네오셈,75,3.49,10.53,30.41,11.92,,2.14,-12.2,19.6,253590,강한 돌파 추세,,주간수익률·60일선 이격·거래대금/수급 확인,recent3,2026-09-21
27,최근 3거래일 수급 기준 · 강한 돌파 추세,KOSDAQ150,심텍,75,13.53,18.29,31.16,19.74,,1.01,540.1,20.9,222800,강한 돌파 추세,,주간수익률·60일선 이격·거래대금/수급 확인,recent3,2026-09-21
28,최근 3거래일 수급 기준 · 강한 돌파 추세,KOSDAQ150,에프에스티,75,3.48,14.26,32.02,16.88,,1.37,-15.5,29.1,036810,강한 돌파 추세,,주간수익률·60일선 이격·거래대금/수급 확인,recent3,2026-09-21
29,최근 3거래일 수급 기준 · 강한 돌파 추세,KOSDAQ150,에이치브이엠,75,6.48,6.48,33.96,6.61,,2.32,-26.0,46.4,295310,강한 돌파 추세,,주간수익률·60일선 이격·거래대금/수급 확인,recent3,2026-09-21
30,최근 3거래일 수급 기준 · 강한 돌파 추세,KOSDAQ150,SFA반도체,75,-0.38,16.8,74.79,20.2,,2.13,523.4,-293.9,036540,강한 돌파 추세,,주간수익률·60일선 이격·거래대금/수급 확인,recent3,2026-09-21
31,최근 3거래일 수급 기준 · 강한 돌파 추세,KOSDAQ150,테스,70,8.22,17.23,8.38,16.64,2026-09-23,0.57,301.9,-7.4,095610,강한 돌파 추세,,주간수익률·60일선 이격·거래대금/수급 확인,recent3,2026-09-21
32,최근 3거래일 수급 기준 · 강한 돌파 추세,KOSDAQ150,큐리옥스바이오시스템즈,70,2.4,8.4,10.36,6.16,,0.62,19.8,-2.7,445680,강한 돌파 추세,,주간수익률·60일선 이격·거래대금/수급 확인,recent3,2026-09-21
33,최근 3거래일 수급 기준 · 강한 돌파 추세,KOSDAQ150,아이쓰리시스템,70,5.05,10.11,10.7,9.57,,1.49,-6.1,-0.4,214430,강한 돌파 추세,,주간수익률·60일선 이격·거래대금/수급 확인,recent3,2026-09-21
34,최근 3거래일 수급 기준 · 강한 돌파 추세,KOSPI200,S-Oil,70,1.69,4.54,11.75,2.67,,0.81,336.2,-75.3,010950,강한 돌파 추세,,주간수익률·60일선 이격·거래대금/수급 확인,recent3,2026-09-21
35,최근 3거래일 수급 기준 · 강한 돌파 추세,KOSDAQ150,티씨케이,70,5.2,6.59,23.81,5.66,,0.65,-3.3,55.1,064760,강한 돌파 추세,,주간수익률·60일선 이격·거래대금/수급 확인,recent3,2026-09-21
36,최근 3거래일 수급 기준 · 강한 돌파 추세,KOSDAQ150,ISC,70,6.57,12.73,33.16,15.7,,0.92,-112.5,251.6,095340,강한 돌파 추세,,주간수익률·60일선 이격·거래대금/수급 확인,recent3,2026-09-21
37,최근 3거래일 수급 기준 · 강한 돌파 추세,KOSDAQ150,원익홀딩스,70,3.7,7.07,41.32,6.4,,0.98,30.3,-4.0,030530,강한 돌파 추세,,주간수익률·60일선 이격·거래대금/수급 확인,recent3,2026-09-21
