universe,code,name,score,stage,strong_reason,pullback_quality,current_close,ma60,slope20_pct,distance_pct,distance_change_3d,pullback_from_high_pct,cross_date,last_cross_date,days_since_cross,held3,turnover_ratio,weekly_return_pct,foreign_week_eok,institution_week_eok,foreign_recent2_eok,institution_recent2_eok,foreign_week_value,institution_week_value,foreign_recent2_value,institution_recent2_value
KOSDAQ150,319400,현대무벡스,103.1,강한 돌파 추세,주간수익률·60일선 이격·거래대금/수급 확인,,22850.0,22703.67,-15.83,0.64,6.16,0.0,2026-09-18,2026-09-18,0,N,1.85,10.39,776.8,8.0,750.5,12.3,77682065250,795776350,75047264225,1233302000
KOSDAQ150,056080,유진로봇,100.8,강한 돌파 추세,주간수익률·60일선 이격·거래대금/수급 확인,,12640.0,12464.83,-15.86,1.41,4.49,0.0,2026-09-18,2026-09-18,0,N,1.62,5.95,62.5,20.8,63.6,33.2,6250529590,2078212125,6363620605,3317888335
KOSPI200,079550,LIG디펜스앤에어로스페이스,95.1,강한 돌파 추세,주간수익률·60일선 이격·거래대금/수급 확인,,737000.0,725116.67,-5.31,1.64,10.15,0.0,2026-09-18,2026-09-18,0,N,1.07,5.44,389.8,221.7,412.1,136.5,38978173000,22166440500,41212540000,13648430500
KOSDAQ150,074600,원익QnC,94.3,강한 돌파 추세,주간수익률·60일선 이격·거래대금/수급 확인,,28150.0,28082.5,-9.76,0.24,7.26,0.0,2026-09-18,2026-09-18,0,N,0.96,10.83,13.9,-0.3,8.8,-2.0,1394621400,-34650325,877203775,-195771975
KOSDAQ150,189300,인텔리안테크,91.6,강한 돌파 추세,주간수익률·60일선 이격·거래대금/수급 확인,,68600.0,66735.83,-17.99,2.79,8.27,-1.15,2026-09-17,2026-09-17,1,N,1.39,9.76,-35.4,11.3,-19.3,5.8,-3536616400,1130026100,-1925779850,581993550
KOSPI200,010120,LS ELECTRIC,90.5,강한 돌파 추세,주간수익률·60일선 이격·거래대금/수급 확인,,208500.0,202118.33,-5.9,3.16,6.57,-1.42,2026-09-17,2026-09-17,1,N,0.89,5.57,269.1,63.4,567.4,68.2,26908361000,6337976450,56740382150,6818895050
KOSDAQ150,050890,쏠리드,90.4,강한 돌파 추세,주간수익률·60일선 이격·거래대금/수급 확인,,9740.0,9436.67,-13.74,3.21,11.01,0.0,2026-09-18,2026-09-18,0,N,2.54,13.12,-114.2,8.6,-6.0,3.1,-11419165665,856126230,-600853590,312113710
KOSDAQ150,166090,하나머티리얼즈,89.7,강한 돌파 추세,주간수익률·60일선 이격·거래대금/수급 확인,,55400.0,54443.33,-7.6,1.76,5.76,0.0,2026-09-18,2026-09-18,0,N,0.6,10.58,-16.9,58.0,-15.2,25.5,-1687353600,5800153600,-1517070950,2554246650
KOSDAQ150,388720,유일로보틱스,88.5,강한 돌파 추세,주간수익률·60일선 이격·거래대금/수급 확인,,69700.0,67130.0,-8.53,3.83,0.15,-2.24,2026-09-15,2026-09-15,3,Y,0.83,6.09,14.5,2.5,4.0,-0.4,1453543450,249833550,399139750,-42140900
KOSPI200,000660,SK하이닉스,87.5,강한 돌파 추세,주간수익률·60일선 이격·거래대금/수급 확인,,1849000.0,1833816.67,-10.25,0.83,9.69,-0.38,2026-09-18,2026-09-18,0,N,1.01,9.86,-34236.7,-475.7,1112.2,2007.6,-3423672689000,-47574677500,111218712000,200759413500
KOSDAQ150,131970,두산테스나,85.3,강한 돌파 추세,주간수익률·60일선 이격·거래대금/수급 확인,,86300.0,83585.0,-20.47,3.25,15.31,-3.14,2026-09-18,2026-09-18,0,N,1.14,5.89,-70.8,27.5,13.7,69.4,-7079880750,2753531700,1368682450,6943236450
KOSPI200,006260,LS,84.6,강한 돌파 추세,주간수익률·60일선 이격·거래대금/수급 확인,,324000.0,313116.67,-10.22,3.48,6.8,-1.82,2026-09-18,2026-09-18,0,N,0.82,5.19,-87.1,77.3,-53.1,53.1,-8710133250,7731531250,-5307497000,5310554250
KOSDAQ150,240810,원익IPS,83.9,강한 돌파 추세,주간수익률·60일선 이격·거래대금/수급 확인,,121500.0,115295.0,-6.4,5.38,11.27,0.0,2026-09-16,2026-09-16,2,Y,0.99,10.96,393.4,10.7,85.4,12.9,39336974050,1065082850,8541851650,1285984300
KOSDAQ150,099320,쎄트렉아이,83.7,강한 돌파 추세,주간수익률·60일선 이격·거래대금/수급 확인,,78900.0,76040.0,-16.18,3.76,9.42,-0.13,2026-09-17,2026-09-17,1,N,1.39,11.76,-14.2,-0.9,-21.0,1.9,-1424352000,-87544550,-2100598300,190889100
KOSDAQ150,084370,유진테크,82.9,신규 돌파 유지,,,137400.0,136443.33,-4.97,0.7,6.41,-5.37,2026-09-16,2026-09-16,2,Y,0.81,6.68,36.4,-30.0,6.4,-31.8,3644107900,-3004810900,639360700,-3180330750
KOSDAQ150,067310,하나마이크론,82.8,강한 돌파 추세,주간수익률·60일선 이격·거래대금/수급 확인,,38550.0,36455.83,-8.83,5.74,14.13,0.0,2026-09-17,2026-09-17,1,N,1.05,17.35,190.1,38.6,110.0,79.3,19010654475,3855438525,10996617425,7932631875
KOSDAQ150,033100,제룡전기,82.0,강한 돌파 추세,주간수익률·60일선 이격·거래대금/수급 확인,,48000.0,46010.83,-4.93,4.32,4.8,0.0,2026-09-16,2026-09-16,2,Y,0.82,6.08,28.6,-5.5,20.2,-5.1,2856880550,-549939800,2020214525,-510789475
KOSDAQ150,060370,LS마린솔루션,80,강한 돌파 추세,주간수익률·60일선 이격·거래대금/수급 확인,,33650.0,29691.67,1.93,13.33,2.66,0.0,,,,Y,1.75,6.49,38.5,1.7,48.3,-4.1,3848102075,172847150,4832678725,-408911450
KOSDAQ150,121600,나노신소재,80,강한 돌파 추세,주간수익률·60일선 이격·거래대금/수급 확인,,53200.0,46656.67,-6.82,14.02,4.16,0.0,,,,Y,1.46,10.72,3.8,46.3,-17.4,38.5,375451850,4632539025,-1738752500,3854124300
KOSPI200,443060,HD현대마린솔루션,80,강한 돌파 추세,주간수익률·60일선 이격·거래대금/수급 확인,,244000.0,207576.67,-1.47,17.55,4.51,-1.21,,,,Y,1.21,4.27,34.1,3.3,17.5,15.1,3407693250,333812000,1748290750,1511905250
KOSDAQ150,053800,안랩,80,강한 돌파 추세,주간수익률·60일선 이격·거래대금/수급 확인,,67300.0,56611.67,0.8,18.88,5.82,0.0,,,,Y,2.7,9.79,61.1,53.6,56.4,8.0,6110970400,5364149200,5644529400,804941050
KOSDAQ150,125490,한라캐스트,80,강한 돌파 추세,주간수익률·60일선 이격·거래대금/수급 확인,,11930.0,9374.17,-4.9,27.26,3.24,0.0,,,,Y,2.05,17.54,36.8,4.6,0.0,2.5,3684556450,464500035,2944155,250658290
KOSDAQ150,030530,원익홀딩스,80,강한 돌파 추세,주간수익률·60일선 이격·거래대금/수급 확인,,26300.0,19493.0,-7.4,34.92,0.8,0.0,,,,Y,1.35,23.19,34.6,20.9,12.4,4.3,3464358800,2086824125,1237832525,433599925
KOSDAQ150,036540,SFA반도체,80,강한 돌파 추세,주간수익률·60일선 이격·거래대금/수급 확인,,8990.0,5815.17,-4.02,54.6,2.69,0.0,,,,Y,2.31,20.51,348.9,86.5,79.3,1.6,34892219380,8649603325,7934885630,164218695
KOSDAQ150,090360,로보스타,79.1,강한 돌파 추세,주간수익률·60일선 이격·거래대금/수급 확인,,78700.0,74738.33,-12.68,5.3,-2.13,-2.84,2026-09-15,2026-09-15,3,Y,0.88,5.92,60.4,-8.4,26.4,-12.5,6039796800,-835417900,2637888400,-1246242800
KOSPI200,018260,삼성에스디에스,78.6,돌파 후 눌림목,,건강한 눌림,220000.0,215431.67,-2.45,2.12,-1.45,-9.28,,,,Y,0.68,2.09,83.0,4.7,67.7,-22.4,8296624500,468208750,6772466250,-2242334750
KOSPI200,042700,한미반도체,76.4,강한 돌파 추세,주간수익률·60일선 이격·거래대금/수급 확인,,235000.0,221286.67,-9.53,6.2,5.58,-7.11,,,,Y,0.74,3.98,268.6,-351.9,333.7,131.4,26861504000,-35189760500,33368950750,13141166000
KOSPI200,011790,SKC,76.3,신규 돌파,,,87600.0,87395.0,-15.16,0.23,1.68,-4.89,2026-09-18,2026-09-18,0,N,0.72,2.22,-56.4,30.6,-21.7,18.1,-5640798450,3064037200,-2173551900,1805725150
KOSDAQ150,039200,오스코텍,76.3,강한 돌파 추세,주간수익률·60일선 이격·거래대금/수급 확인,,37050.0,34333.33,-3.88,7.91,7.4,-0.13,2026-09-15,2026-09-15,3,Y,0.91,8.33,1.3,29.5,5.8,18.3,130016575,2946469050,579852200,1828741825
KOSPI200,005490,POSCO홀딩스,75.6,돌파 후 눌림목,,추가 확인,325500.0,320808.33,-4.58,1.46,-1.92,-3.98,2026-09-15,2026-09-15,3,Y,0.83,1.24,-147.4,259.0,-135.5,15.8,-14740290750,25904282750,-13550048250,1584129250
KOSPI200,001440,대한전선,75,강한 돌파 추세,주간수익률·60일선 이격·거래대금/수급 확인,,31650.0,28710.83,-11.99,10.24,12.84,0.0,2026-09-18,2026-09-18,0,N,1.48,12.63,147.8,-18.8,279.6,8.0,14784796300,-1876159300,27955639700,797645575
KOSPI200,028050,삼성E&A,75,강한 돌파 추세,주간수익률·60일선 이격·거래대금/수급 확인,,52100.0,46602.5,-0.41,11.8,1.55,0.0,,,,Y,1.33,3.78,-183.3,641.8,-85.3,431.6,-18330774325,64181438850,-8526593350,43161319900
KOSDAQ150,358570,지아이이노베이션,75,강한 돌파 추세,주간수익률·60일선 이격·거래대금/수급 확인,,9450.0,8353.5,-14.78,13.13,4.49,0.0,2026-09-15,2026-09-15,3,Y,1.08,14.13,8.7,8.9,2.2,-0.7,874719175,889557775,219641495,-70880930
KOSPI200,272210,한화시스템,75,강한 돌파 추세,주간수익률·60일선 이격·거래대금/수급 확인,,79900.0,70611.67,-9.95,13.15,14.33,0.0,2026-09-14,2026-09-17,1,N,2.09,9.0,-153.9,429.6,28.3,332.0,-15393217700,42964300200,2831451800,33200548000
KOSDAQ150,096530,씨젠,75,강한 돌파 추세,주간수익률·60일선 이격·거래대금/수급 확인,,33900.0,29930.83,3.76,13.26,5.21,0.0,,,,Y,0.67,6.27,69.5,37.1,37.2,17.7,6946236875,3708345375,3719481775,1767949350
KOSDAQ150,171090,선익시스템,75,강한 돌파 추세,주간수익률·60일선 이격·거래대금/수급 확인,,71000.0,62458.33,-2.68,13.68,0.45,-0.84,,,,Y,0.87,6.93,12.6,9.6,4.4,8.8,1262983150,962712850,439875000,877189100
KOSDAQ150,417200,LS머트리얼즈,75,강한 돌파 추세,주간수익률·60일선 이격·거래대금/수급 확인,,13730.0,11983.33,-15.07,14.58,12.03,0.0,2026-09-15,2026-09-15,3,Y,2.73,22.48,-151.5,57.6,-63.9,27.6,-15150392275,5757099830,-6389960240,2760232900
KOSPI200,000150,두산,75,강한 돌파 추세,주간수익률·60일선 이격·거래대금/수급 확인,,1449000.0,1252666.67,-11.01,15.67,12.53,0.0,2026-09-15,2026-09-15,3,Y,1.49,16.67,-2324.9,927.2,-1683.7,724.7,-232485446000,92718047000,-168374434000,72471305000
KOSDAQ150,039030,이오테크닉스,75,강한 돌파 추세,주간수익률·60일선 이격·거래대금/수급 확인,,452500.0,384083.33,-4.58,17.81,0.77,-3.72,,,,Y,0.74,6.35,26.4,4.5,3.9,-61.3,2643454250,452338000,390908750,-6134392500
KOSPI200,001430,세아베스틸지주,75,강한 돌파 추세,주간수익률·60일선 이격·거래대금/수급 확인,,45150.0,37879.17,-3.93,19.19,2.11,-1.74,,,,Y,1.54,10.39,-41.7,71.7,-33.8,30.1,-4172882025,7172283250,-3384503050,3014019550
KOSPI200,000990,DB하이텍,75,강한 돌파 추세,주간수익률·60일선 이격·거래대금/수급 확인,,125900.0,104860.0,-17.11,20.06,7.61,-0.24,2026-09-14,2026-09-14,4,Y,1.54,12.61,-1005.5,405.7,-275.3,-17.7,-100550501800,40574614047,-27526306000,-1772242163
KOSDAQ150,403870,HPSP,75,강한 돌파 추세,주간수익률·60일선 이격·거래대금/수급 확인,,53700.0,44591.67,-3.16,20.43,1.67,-4.11,,,,Y,0.53,5.5,58.1,78.9,11.5,18.3,5805763850,7893198800,1154654250,1834317500
KOSDAQ150,218410,RFHIC,75,강한 돌파 추세,주간수익률·60일선 이격·거래대금/수급 확인,,61300.0,49964.17,-17.09,22.69,24.03,0.0,2026-09-16,2026-09-16,2,Y,1.74,26.26,-159.6,173.3,-43.1,127.0,-15956536725,17331360600,-4309415750,12695777650
KOSDAQ150,056190,에스에프에이,75,강한 돌파 추세,주간수익률·60일선 이격·거래대금/수급 확인,,28150.0,22907.83,-1.61,22.88,-3.8,-2.26,,,,Y,1.82,13.28,-18.3,50.2,-17.8,21.2,-1829512650,5018657775,-1777471600,2124133675
KOSDAQ150,032500,케이엠더블유,75,강한 돌파 추세,주간수익률·60일선 이격·거래대금/수급 확인,,19650.0,15969.67,-21.42,23.05,20.81,0.0,2026-09-15,2026-09-15,3,Y,1.91,21.37,-21.3,8.8,-3.7,4.0,-2130527260,876311745,-368632130,399387995
KOSDAQ150,251970,펌텍코리아,75,강한 돌파 추세,주간수익률·60일선 이격·거래대금/수급 확인,,61700.0,49706.67,17.62,24.13,3.47,-1.12,,,,Y,1.32,6.01,-110.2,147.0,-43.3,55.9,-11018131550,14697620700,-4333663600,5586191850
KOSPI200,375500,DL이앤씨,75,강한 돌파 추세,주간수익률·60일선 이격·거래대금/수급 확인,,86800.0,69101.67,2.14,25.61,-4.44,-1.92,,,,Y,1.28,3.7,-112.6,339.0,-18.7,108.5,-11261408000,33903654900,-1866982000,10849533450
KOSDAQ150,295310,에이치브이엠,75,강한 돌파 추세,주간수익률·60일선 이격·거래대금/수급 확인,,60400.0,47431.67,-22.74,27.34,16.02,-2.11,,,,Y,2.27,22.02,-81.1,71.5,-64.8,61.6,-8107527750,7145077150,-6476081750,6164338250
KOSDAQ150,043260,성호전자,75,강한 돌파 추세,주간수익률·60일선 이격·거래대금/수급 확인,,26400.0,19142.67,-29.04,37.91,51.68,0.0,2026-09-17,2026-09-17,1,N,2.94,56.86,-32.1,71.3,-86.8,76.9,-3210576550,7129929350,-8683963875,7688674640
KOSDAQ150,065350,신성델타테크,74.7,신규 돌파 유지,,,30900.0,29877.5,-10.81,3.42,0.86,-1.9,2026-09-15,2026-09-15,3,Y,0.67,2.32,3.8,0.5,-5.7,-0.3,377233750,53483325,-569649250,-31832550
KOSPI200,004370,농심,73.5,돌파 후 눌림목,,추가 확인,392500.0,390516.67,4.96,0.51,-5.02,-5.88,,,,Y,0.96,-5.31,29.7,-15.5,6.5,-18.2,2965830250,-1548995750,654598000,-1820122750
KOSPI200,036460,한국가스공사,72.7,돌파 후 눌림목,,추가 확인,35650.0,34804.17,1.65,2.43,-3.21,-3.65,,,,Y,0.88,-2.86,0.4,4.8,-14.9,12.4,37694625,476023825,-1485094975,1244148150
KOSPI200,457190,이수스페셜티케미컬,72.3,신규 돌파 유지,,,65400.0,62744.17,-9.25,4.23,1.2,-3.96,2026-09-15,2026-09-15,3,Y,0.63,3.97,-12.8,8.5,-1.8,6.9,-1281312300,846802850,-184951600,685900500
KOSDAQ150,015750,성우하이텍,72.2,60일선 근접·재돌파 대기,,,5980.0,5925.17,-4.79,0.93,-0.03,-3.86,,,,Y,0.66,-0.33,4.7,0.2,2.8,-0.2,472362565,23770010,282414255,-15103705
KOSPI200,298040,효성중공업,72.2,신규 돌파,,,2888000.0,2842866.67,-7.88,1.59,6.98,-2.6,2026-09-17,2026-09-17,1,N,0.94,3.48,81.4,-136.0,367.6,100.1,8142490000,-13595998500,36756422000,10014424500
KOSDAQ150,078600,대주전자재료,71.9,신규 돌파 유지,,,88000.0,84318.33,-12.53,4.37,2.57,0.0,2026-09-15,2026-09-15,3,Y,0.66,7.45,-8.2,11.4,-0.2,-14.2,-821825600,1136499100,-18714050,-1424058150
KOSPI200,006650,대한유화,71.8,돌파 후 눌림목,,추가 확인,98500.0,97463.33,-8.76,1.06,-1.61,-10.7,2026-09-18,2026-09-18,0,N,1.03,-4.83,-86.5,67.8,-16.9,10.3,-8645332450,6776683450,-1691762250,1029988850
KOSDAQ150,263750,펄어비스,71.5,돌파 후 눌림목,,건강한 눌림,34500.0,34104.17,-6.43,1.16,-2.57,-4.7,2026-09-15,2026-09-15,3,Y,0.66,1.02,-1.4,21.3,5.2,-2.4,-140251275,2128588675,520639475,-235123500
KOSDAQ150,257720,실리콘투,71.2,돌파 후 눌림목,,추가 확인,41300.0,40777.5,11.44,1.28,-6.81,-12.41,,,,Y,0.52,-9.03,-441.3,326.3,-25.1,-29.7,-44130301775,32625144575,-2510238800,-2967460925
KOSPI200,002790,아모레퍼시픽홀딩스,70.7,돌파 후 눌림목,,매도압력 확인,26050.0,25268.33,5.0,3.09,-1.83,-2.43,,,,Y,1.58,-1.33,-8.2,22.4,-18.7,18.3,-821625175,2240284925,-1869921400,1832003700
KOSDAQ150,211050,인카금융서비스,70.6,돌파 후 눌림목,,건강한 눌림,10500.0,10347.33,3.68,1.48,-2.96,-4.98,,,,Y,0.72,-2.14,-5.5,8.4,-4.3,5.8,-553036740,837043060,-433292400,575352280
KOSDAQ150,278280,천보,70.5,돌파 후 눌림목,,추가 확인,37000.0,36456.67,-3.72,1.49,-1.27,-8.07,,,,Y,0.7,-0.94,9.6,-2.4,0.8,-0.9,957071625,-244733800,76679725,-87333500
KOSPI200,051600,한전KPS,70.5,돌파 후 눌림목,,추가 확인,47050.0,45610.83,-2.41,3.16,-1.67,-4.56,,,,Y,1.12,0.11,-70.8,37.8,-36.0,21.5,-7077616775,3780586850,-3598520225,2148422475
KOSPI200,000810,삼성화재,70.0,돌파 후 눌림목,,추가 확인,655000.0,644333.33,0.69,1.66,-0.98,-4.52,,,,Y,0.79,-2.67,-93.4,4.8,-129.3,63.4,-9335296000,482941500,-12927952000,6340773500
KOSPI200,000210,DL,70,강한 돌파 추세,주간수익률·60일선 이격·거래대금/수급 확인,,54900.0,48766.67,1.07,12.58,2.43,-1.96,,,,Y,0.94,4.17,-58.4,77.9,-31.3,34.1,-5838482300,7789374100,-3134629150,3407935250
KOSDAQ150,100790,미래에셋벤처투자,70,강한 돌파 추세,주간수익률·60일선 이격·거래대금/수급 확인,,17670.0,15584.5,-30.48,13.38,11.14,0.0,2026-09-15,2026-09-15,3,Y,1.15,12.19,-21.7,0.5,-22.6,1.3,-2171910655,53959515,-2261497140,127320765
KOSPI200,062040,산일전기,70,강한 돌파 추세,주간수익률·60일선 이격·거래대금/수급 확인,,211000.0,184810.0,-6.94,14.17,12.17,0.0,,,,Y,1.0,8.37,346.6,-24.0,186.4,117.4,34662675400,-2401158000,18635650950,11742562600
KOSPI200,007340,DN오토모티브,70,강한 돌파 추세,주간수익률·60일선 이격·거래대금/수급 확인,,49600.0,43259.17,3.82,14.66,8.35,0.0,,,,Y,0.72,8.65,-21.6,34.4,-20.4,31.0,-2161398075,3435172475,-2040277500,3101162950
KOSDAQ150,183300,코미코,70,강한 돌파 추세,주간수익률·60일선 이격·거래대금/수급 확인,,30850.0,26814.37,-15.71,15.05,18.32,0.0,2026-09-16,2026-09-16,2,Y,1.0,17.52,-3.4,86.6,7.4,74.7,-340120550,8661041350,741093100,7467439625
KOSDAQ150,025980,아난티,70,강한 돌파 추세,주간수익률·60일선 이격·거래대금/수급 확인,,5160.0,4388.08,3.53,17.59,-1.94,-5.67,,,,Y,0.36,3.2,0.8,1.3,-3.2,0.2,77407100,134099075,-315156590,24533575
KOSDAQ150,253590,네오셈,70,강한 돌파 추세,주간수익률·60일선 이격·거래대금/수급 확인,,12270.0,10355.33,-6.29,18.49,7.26,-1.05,,,,Y,0.99,10.74,8.9,-0.9,5.6,0.0,894916600,-87926030,556636685,2738800
KOSPI200,128940,한미약품,70,강한 돌파 추세,주간수익률·60일선 이격·거래대금/수급 확인,,505000.0,423925.0,3.94,19.12,0.67,-1.94,,,,Y,0.7,7.79,-688.0,1248.8,-270.1,399.3,-68802344750,124875145750,-27010970500,39933305500
KOSPI200,022100,포스코DX,68.6,돌파 후 눌림목,,추가 확인,20950.0,20510.5,-10.38,2.14,-3.4,-5.42,,,,Y,0.19,-2.78,-22.2,0.7,-24.1,5.9,-2216760550,67235525,-2412326875,588988350
KOSPI200,011200,HMM,68.0,신규 돌파,,,20950.0,20674.67,2.47,1.33,0.54,-2.33,2026-09-17,2026-09-17,1,N,0.76,-0.71,-25.5,105.1,44.9,40.7,-2545588975,10510679450,4489497725,4074351675
KOSPI200,361610,SK아이이테크놀로지,67.9,돌파 후 눌림목,,건강한 눌림,15900.0,15285.0,-3.92,4.02,-3.17,-10.52,,,,Y,0.4,1.92,-22.5,50.8,-6.3,21.4,-2254271095,5077833610,-630644165,2140131830
KOSDAQ150,131290,티에스이,67.6,신규 돌파 유지,,,243000.0,237178.33,2.71,2.45,0.7,-20.72,2026-09-15,2026-09-15,3,Y,0.47,2.97,-175.7,-38.3,-112.9,21.9,-17567448500,-3831218500,-11288770500,2194888500
KOSPI200,066570,LG전자,67.3,돌파 후 눌림목,,추가 확인,198700.0,190641.67,-8.67,4.23,-1.4,-7.15,,,,Y,0.76,1.95,216.8,-22.6,-200.0,6.5,21675667450,-2258575700,-19996692650,653769750
KOSPI200,004990,롯데지주,66.9,돌파 후 눌림목,,매도압력 확인,24650.0,23620.0,-1.69,4.36,-1.84,-2.18,,,,Y,1.47,-2.18,-39.7,44.7,-25.4,19.6,-3971973350,4466045075,-2538981200,1963772825
KOSPI200,298050,HS효성첨단소재,66.8,돌파 후 눌림목,,매도압력 확인,165900.0,164168.33,-4.81,1.05,-1.36,-3.83,,,,Y,0.54,-2.93,-11.7,-0.8,-13.2,3.7,-1167585900,-81472900,-1321520050,369825350
KOSPI200,003030,세아제강지주,66.7,신규 돌파,,,109600.0,105966.67,-9.93,3.43,5.12,0.0,2026-09-17,2026-09-17,1,N,0.85,4.08,7.9,-3.0,5.0,-1.1,790552050,-300552550,501825200,-110609450
KOSPI200,073240,금호타이어,66.7,돌파 후 눌림목,,건강한 눌림,7040.0,6740.58,14.1,4.44,-2.97,-8.33,,,,Y,0.46,-0.14,24.3,-1.1,4.8,1.4,2432814290,-106799705,483139905,142463180
KOSPI200,139130,iM금융지주,66.5,돌파 후 눌림목,,추가 확인,18190.0,17687.0,1.75,2.84,-1.32,-3.19,,,,Y,0.96,-3.19,-18.5,20.9,-18.4,8.3,-1851352920,2090542675,-1836287375,830694300
KOSPI200,086790,하나금융지주,66.1,돌파 후 눌림목,,추가 확인,133700.0,129866.67,4.26,2.95,-3.75,-4.77,,,,Y,0.97,-4.77,-323.6,224.7,-314.4,161.2,-32357263850,22471916900,-31435441600,16118440050
KOSPI200,105560,KB금융,65.7,돌파 후 눌림목,,건강한 눌림,175700.0,170423.33,3.03,3.1,-1.12,-3.04,,,,Y,0.95,-3.04,-1150.4,1132.5,-100.5,137.1,-115044988600,113247047000,-10045108750,13710019350
KOSPI200,003550,LG,65.5,돌파 후 눌림목,,건강한 눌림,112100.0,106931.67,-0.54,4.83,-1.81,-9.96,,,,Y,0.74,0.54,-76.0,118.9,-29.0,32.2,-7601170200,11887692500,-2904059450,3224197150
KOSPI200,005420,코스모화학,65.3,돌파 후 눌림목,,매도압력 확인,10420.0,10095.0,-5.73,3.22,-1.06,-5.62,,,,Y,0.74,-0.19,-1.7,-0.3,-1.5,0.9,-174694655,-28374225,-145992315,85927885
KOSDAQ150,204270,제이앤티씨,65,강한 돌파 추세,주간수익률·60일선 이격·거래대금/수급 확인,,23700.0,17581.17,4.01,34.8,11.18,0.0,,,,Y,1.13,7.97,-33.7,-3.1,-19.9,0.2,-3369945775,-310592000,-1994226575,22125550
KOSPI200,007660,이수페타시스,64.8,돌파 후 눌림목,,매도압력 확인,102400.0,99036.67,-4.06,3.4,-2.94,-9.38,,,,Y,1.36,-3.03,-499.7,-576.4,-652.3,-441.4,-49972899900,-57642262900,-65230387200,-44138142000
KOSDAQ150,214430,아이쓰리시스템,63.6,신규 돌파,,,62200.0,61505.0,-5.57,1.13,6.64,0.0,2026-09-18,2026-09-18,0,N,0.99,3.84,-0.8,-2.2,-1.3,-2.0,-80459700,-218283100,-128318900,-202000800
KOSPI200,120110,코오롱인더,63.0,신규 돌파,,,57600.0,55035.83,-7.28,4.66,7.76,0.0,2026-09-17,2026-09-17,1,N,0.64,5.11,-79.4,40.1,-40.0,32.7,-7935770350,4009544100,-3997711350,3272971700
KOSPI200,282330,BGF리테일,62.5,돌파 후 눌림목,,매도압력 확인,137600.0,134226.67,5.66,2.51,-3.37,-8.39,,,,Y,0.95,-4.18,-1.6,-1.2,-0.5,-2.9,-159878350,-115006250,-49594150,-292604500
KOSDAQ150,445680,큐리옥스바이오시스템즈,62.4,돌파 후 눌림목,,추가 확인,46000.0,44142.5,-14.26,4.21,-6.45,-9.27,,,,Y,0.65,-2.13,-26.9,6.7,-4.1,0.2,-2690276850,674488650,-413913550,22508000
KOSPI200,069260,TKG휴켐스,62.0,돌파 후 눌림목,,매도압력 확인,16210.0,15788.5,0.37,2.67,-1.08,-2.41,,,,Y,0.92,-1.76,-5.0,-0.1,-5.4,2.4,-503219000,-5588210,-538360445,235390150
KOSPI200,055550,신한지주,60.8,돌파 후 눌림목,,추가 확인,111100.0,106086.67,3.88,4.73,-1.54,-3.39,,,,Y,0.93,-3.39,-522.2,543.7,-265.2,245.1,-52217468150,54369437950,-26523050100,24513470950
KOSPI200,003490,대한항공,60.6,돌파 후 눌림목,,건강한 눌림,29150.0,27377.5,2.86,6.47,-1.23,-3.95,,,,Y,0.6,-1.69,72.5,156.3,-26.1,52.2,7251909150,15634978050,-2606030175,5217655875
KOSDAQ150,058610,에스피지,60,돌파 후 눌림목,,매도압력 확인,99100.0,88788.33,-2.26,11.61,-9.52,-6.95,,,,Y,1.43,11.35,66.0,-10.9,-3.1,-22.8,6595426050,-1092139200,-313177200,-2281589450
KOSDAQ150,101730,위메이드맥스,60,돌파 후 눌림목,,매도압력 확인,4625.0,4104.42,6.64,12.68,-11.18,-11.06,,,,Y,3.26,-11.06,1.5,0.5,0.1,0.4,149381133,48667301,7759373,43555969
KOSPI200,096770,SK이노베이션,60,돌파 후 눌림목,,추가 확인,137000.0,119371.67,7.52,14.77,-6.23,-10.75,,,,Y,0.56,2.32,142.4,0.6,-3.4,-46.8,14238542850,58958700,-344663750,-4680297550
KOSDAQ150,437730,삼현,60,돌파 후 눌림목,,매도압력 확인,51000.0,35543.33,-9.75,43.49,-6.96,-3.23,,,,Y,2.35,28.79,-21.7,45.7,-17.5,-2.9,-2168283275,4566081875,-1747905150,-286887150
KOSPI200,051900,LG생활건강,59.7,돌파 후 눌림목,,추가 확인,293500.0,279233.33,7.65,5.11,-4.61,-2.98,,,,Y,1.03,-1.18,-109.3,211.4,-44.4,35.7,-10934179500,21136883000,-4437753750,3568862250
KOSPI200,071320,지역난방공사,58.5,돌파 후 눌림목,,건강한 눌림,74900.0,69896.67,2.71,7.16,-0.87,-1.58,,,,Y,0.91,0.27,-5.3,5.0,-3.0,4.1,-525438200,499009550,-300128700,410264500
KOSDAQ150,122870,와이지엔터테인먼트,57.4,돌파 후 눌림목,,추가 확인,43600.0,41179.17,-1.63,5.88,-2.95,-2.57,,,,Y,0.92,-1.36,-73.2,6.5,-30.4,-2.6,-7324489150,654593050,-3043664950,-259263825
KOSPI200,011170,롯데케미칼,57.3,돌파 후 눌림목,,추가 확인,63600.0,60056.67,-8.24,5.9,-1.7,-6.19,,,,Y,1.07,-2.15,-217.5,207.4,-85.8,80.0,-21754904600,20740250700,-8583188300,7995171600
KOSPI200,138040,메리츠금융지주,56.9,돌파 후 눌림목,,건강한 눌림,126700.0,119480.0,5.64,6.04,-1.15,-5.24,,,,Y,0.84,-4.02,-279.9,278.6,-99.0,111.1,-27992184300,27858101950,-9902269550,11110676450
KOSDAQ150,006730,서부T&D,56.9,돌파 후 눌림목,,추가 확인,11160.0,10523.67,0.91,6.05,-1.54,-4.45,,,,Y,1.03,-1.76,-9.7,8.7,-16.5,-0.4,-974365710,867954640,-1647159730,-36736135
KOSDAQ150,003380,하림지주,56.2,돌파 후 눌림목,,추가 확인,11100.0,10445.17,1.56,6.27,-2.37,-3.14,,,,Y,0.78,-2.37,-28.2,23.1,-23.8,17.7,-2824290435,2308082760,-2384050675,1774586600
KOSDAQ150,025900,동화기업,55.2,돌파 후 눌림목,,매도압력 확인,6940.0,6613.17,-3.59,4.94,-1.71,-9.99,,,,Y,0.38,-1.42,-0.7,-0.2,-0.7,0.0,-69180760,-19395110,-74458750,1194490
KOSDAQ150,041510,에스엠,55,돌파 후 눌림목,,추가 확인,81600.0,74846.67,0.42,9.02,-9.09,-6.96,,,,Y,1.23,-5.66,-150.3,62.5,-48.6,-23.5,-15027141000,6246497100,-4860950900,-2350202300
KOSPI200,316140,우리금융지주,55,돌파 후 눌림목,,건강한 눌림,36150.0,32597.5,4.14,10.9,-1.63,-1.77,,,,Y,0.98,-1.77,284.8,198.6,-104.8,161.3,28480800500,19864103300,-10483411625,16125628475
KOSDAQ150,035760,CJ ENM,55,돌파 후 눌림목,,매도압력 확인,36600.0,32775.83,-3.11,11.67,-4.4,-5.06,,,,Y,1.33,-0.68,-5.4,6.8,-7.4,-9.8,-538794275,678034000,-740663850,-976175150
KOSPI200,003670,포스코퓨처엠,55,돌파 후 눌림목,,추가 확인,183300.0,162991.67,-4.42,12.46,-4.09,-5.03,,,,Y,0.76,3.62,-251.5,228.4,-155.1,4.8,-25145679150,22843873400,-15512770150,477632450
KOSPI200,078930,GS,55,돌파 후 눌림목,,건강한 눌림,114000.0,99143.33,19.32,14.99,-3.62,-9.24,,,,Y,0.67,-0.35,569.8,-374.7,52.6,31.4,56976978750,-37471958250,5262921850,3139097050
KOSPI200,112610,씨에스윈드,55,돌파 후 눌림목,,추가 확인,51800.0,44326.67,3.7,16.86,-3.98,-2.26,,,,Y,1.1,1.17,-51.9,133.2,-13.6,45.1,-5186685700,13317014250,-1357354400,4507956300
KOSPI200,161890,한국콜마,55,돌파 후 눌림목,,추가 확인,145500.0,121905.0,20.73,19.36,-2.48,-3.13,,,,Y,0.87,-0.21,-116.5,186.6,10.4,-43.0,-11645365250,18659637450,1044266000,-4296468700
KOSPI200,008930,한미사이언스,55,돌파 후 눌림목,,추가 확인,48900.0,40811.67,19.0,19.82,-8.89,-15.25,,,,Y,0.39,0.31,-53.5,69.3,-46.0,34.8,-5345554375,6928204350,-4599481325,3476371600
KOSDAQ150,031980,피에스케이홀딩스,55,돌파 후 눌림목,,추가 확인,159900.0,126550.0,5.39,26.35,-7.82,-4.25,,,,Y,0.96,4.72,173.7,-153.3,-11.9,-12.9,17366008900,-15333682650,-1185346450,-1287083450
KOSPI200,008730,율촌화학,53.8,60일선 위 추세,,,15100.0,14793.5,-4.62,2.07,-0.08,-7.02,,,,Y,1.15,-1.18,0.1,0.1,0.1,0.3,14298655,5755960,6139105,30716370
KOSPI200,280360,롯데웰푸드,52.0,돌파 후 눌림목,,건강한 눌림,127100.0,118035.0,10.68,7.68,-9.15,-12.16,,,,Y,0.57,-9.92,59.0,-33.4,19.8,-13.2,5898084550,-3342096350,1980435400,-1323952200
KOSPI200,014820,동원시스템즈,50.3,60일선 위 추세,,,21350.0,20681.33,1.7,3.23,0.4,-2.06,,,,Y,0.67,0.71,-2.5,1.9,-2.0,0.7,-249831075,194585325,-195062750,70159500
KOSPI200,300720,한일시멘트,50,돌파 후 눌림목,,건강한 눌림,16300.0,15017.5,5.38,8.54,-1.73,-3.26,,,,Y,0.54,-1.87,-3.5,8.4,-5.3,7.9,-345711865,839092665,-533546690,788457315
KOSPI200,034020,두산에너빌리티,50,돌파 후 눌림목,,매도압력 확인,85700.0,78673.33,-5.21,8.93,-0.98,-6.54,,,,Y,0.72,0.12,-1997.3,-1074.7,-634.7,-149.7,-199730607200,-107467859250,-63467694950,-14965622050
KOSPI200,090430,아모레퍼시픽,50,돌파 후 눌림목,,건강한 눌림,142700.0,130581.67,9.54,9.28,-3.04,-1.52,,,,Y,0.86,-1.18,-270.5,417.7,-103.0,108.0,-27051622850,41768267600,-10298597850,10801909650
KOSPI200,268280,미원에스씨,50,돌파 후 눌림목,,추가 확인,132900.0,121005.0,9.84,9.83,-2.55,-1.56,,,,Y,0.8,-0.45,-1.1,0.7,-0.4,0.1,-111198700,66476050,-37840700,11372250
KOSDAQ150,293490,카카오게임즈,50,돌파 후 눌림목,,추가 확인,9290.0,8372.83,-0.38,10.95,-7.36,-5.97,,,,Y,0.54,-2.21,-6.1,5.0,-1.1,-5.6,-614826615,497492595,-109993510,-555323580
KOSPI200,175330,JB금융지주,50,돌파 후 눌림목,,추가 확인,31050.0,27980.0,6.19,10.97,-4.93,-5.77,,,,Y,1.02,-5.34,-158.2,201.7,-38.5,32.1,-15821774600,20166470375,-3850097525,3205349125
KOSPI200,047040,대우건설,50,돌파 후 눌림목,,매도압력 확인,19020.0,17053.17,-7.77,11.53,-1.27,-4.76,,,,Y,0.56,3.71,-58.3,-228.7,-72.3,40.4,-5832385875,-22874519620,-7226802185,4036525200
KOSDAQ150,078340,컴투스,50,돌파 후 눌림목,,건강한 눌림,33450.0,29904.17,9.65,11.86,-4.23,-4.43,,,,Y,0.32,-4.29,12.6,-7.0,0.7,-0.2,1262379875,-697912800,66099700,-18018950
KOSPI200,005830,DB손해보험,50,돌파 후 눌림목,,추가 확인,188500.0,168333.33,9.71,11.98,-0.92,-2.73,,,,Y,0.95,-1.62,-149.7,95.5,-41.9,34.3,-14968659200,9549551850,-4186899800,3426896550
KOSPI200,000720,현대건설,50,돌파 후 눌림목,,매도압력 확인,125600.0,112096.67,-2.53,12.05,-3.17,-6.89,,,,Y,0.64,0.08,-207.0,-199.8,-88.8,26.6,-20700924100,-19984565400,-8877587950,2656114600
KOSPI200,001450,현대해상,50,돌파 후 눌림목,,건강한 눌림,48400.0,43034.17,11.87,12.47,-3.1,-5.65,,,,Y,1.09,-4.72,75.7,-40.9,10.8,1.7,7572389450,-4086868375,1083609600,167934425
KOSPI200,285130,SK케미칼,50,돌파 후 눌림목,,추가 확인,51200.0,45461.67,8.37,12.62,-8.08,-6.74,,,,Y,0.51,-3.76,-5.9,9.4,-3.3,-0.6,-585357300,944691250,-328498550,-64394900
KOSPI200,006400,삼성SDI,50,돌파 후 눌림목,,매도압력 확인,542000.0,479350.0,-0.92,13.07,-2.45,-5.57,,,,Y,0.68,2.07,-161.0,-171.7,-463.7,55.6,-16100383500,-17173773500,-46365034000,5555997000
KOSPI200,000880,한화,50,돌파 후 눌림목,,추가 확인,134100.0,116941.08,-3.88,14.67,-4.07,-5.56,,,,Y,0.51,-5.1,68.5,-17.4,-1.5,-2.2,6854850850,-1740159150,-150394800,-222148600
KOSDAQ150,014620,성광벤드,50,돌파 후 눌림목,,건강한 눌림,32300.0,28030.0,0.92,15.23,-5.54,-6.65,,,,Y,0.76,-6.1,-21.6,24.8,-7.4,9.3,-2163379125,2482429800,-744454250,929782800
KOSDAQ150,225570,넥슨게임즈,50,돌파 후 눌림목,,건강한 눌림,11180.0,9616.17,5.4,16.26,-6.87,-4.36,,,,Y,0.55,-3.87,-26.7,29.9,-13.8,14.3,-2665053020,2992484700,-1376370730,1428719880
KOSPI200,088350,한화생명,50,돌파 후 눌림목,,건강한 눌림,5890.0,4999.25,5.73,17.82,-2.76,-3.12,,,,Y,0.65,-2.81,-45.6,4.4,-14.1,22.1,-4557684785,435134000,-1413436465,2211471940
KOSPI200,192820,코스맥스,50,돌파 후 눌림목,,추가 확인,274000.0,221270.0,20.78,23.83,-3.54,-2.32,,,,Y,0.62,-0.72,-159.6,98.1,29.0,-46.7,-15963408250,9805376250,2902628500,-4667531750
KOSPI200,000670,영풍,50,돌파 후 눌림목,,매도압력 확인,47900.0,38616.67,-4.59,24.04,-5.53,-4.1,,,,Y,3.28,-4.1,-59.1,-53.0,-7.3,13.1,-5907924100,-5300948050,-729591325,1305349200
KOSPI200,052690,한전기술,50,돌파 후 눌림목,,매도압력 확인,134600.0,106961.67,-0.54,25.84,-14.41,-11.45,,,,Y,1.09,0.15,-444.5,-375.9,-126.8,-45.9,-44448429550,-37587213950,-12678366900,-4592396700
KOSPI200,003230,삼양식품,48.5,60일선 위 추세,,,1296000.0,1248266.67,6.88,3.82,0.88,-2.56,,,,Y,0.8,0.08,-54.2,493.3,-82.7,289.4,-5422378000,49327079500,-8268510500,28942178500
KOSPI200,066970,엘앤에프,47.8,돌파 후 눌림목,,매도압력 확인,110500.0,102886.67,-4.91,7.4,-4.56,-12.99,,,,Y,0.58,-2.56,-77.2,-388.3,-132.8,-83.1,-7717713000,-38832339750,-13281336450,-8308141650
KOSPI200,086280,현대글로비스,47.4,60일선 위 추세,,,204000.0,198975.0,-1.23,2.53,-0.02,-2.86,,,,Y,0.79,-0.97,-14.9,39.0,35.9,-0.7,-1485226750,3896549950,3592258500,-69728250
KOSPI200,009240,한샘,47.2,60일선 위 추세,,,39100.0,37503.33,6.49,4.26,-0.47,-0.64,,,,Y,0.56,-0.38,-6.3,16.8,-4.5,8.0,-631478700,1680191900,-446155400,796062300
KOSPI200,002380,KCC,46.2,60일선 위 추세,,,466000.0,452733.33,-3.6,2.93,-0.59,-7.36,,,,Y,0.95,-1.06,81.0,-50.3,13.7,-18.1,8098601000,-5034092000,1370311250,-1813943250
KOSPI200,373220,LG에너지솔루션,46.2,60일선 위 추세,,,363500.0,347475.0,-4.13,4.61,0.08,-2.02,,,,Y,0.78,3.56,-86.2,764.0,-47.9,173.6,-8620732500,76402417250,-4787710250,17359029750
KOSPI200,017800,현대엘리베이터,45.6,60일선 위 추세,,,73900.0,71663.33,-1.59,3.12,0.62,-2.38,,,,Y,0.81,-0.4,-63.3,43.5,-27.4,29.5,-6329015450,4346200300,-2740346000,2951882200
KOSPI200,021240,코웨이,45.5,60일선 위 추세,,,101500.0,95320.0,3.27,6.48,-0.48,-6.37,,,,Y,1.5,1.81,-194.1,275.0,-57.8,58.1,-19412192300,27498042350,-5776540950,5807956000
KOSDAQ150,222800,심텍,45,돌파 후 눌림목,,매도압력 확인,125900.0,113000.0,1.36,11.42,-1.0,-5.97,,,,Y,0.52,3.03,-25.4,-170.7,-210.6,-41.7,-2535868550,-17066311200,-21056141550,-4171809550
KOSDAQ150,083650,비에이치아이,45,돌파 후 눌림목,,매도압력 확인,64100.0,54208.33,-1.73,18.25,-3.83,-6.29,,,,Y,0.79,0.31,-122.2,-61.4,7.7,-48.9,-12223794750,-6138762200,770531950,-4894773700
KOSDAQ150,108490,로보티즈,45,돌파 후 눌림목,,매도압력 확인,307500.0,244435.0,-3.44,25.8,-10.22,-6.68,,,,Y,0.98,-3.15,-127.1,-90.2,22.4,-190.1,-12709981750,-9015698000,2243975000,-19009492500
KOSDAQ150,007390,네이처셀,44.8,60일선 위 추세,,,24700.0,23885.83,-7.14,3.41,-0.74,-3.14,,,,Y,0.57,-1.79,-8.4,5.2,-1.9,0.1,-838953625,517717325,-192593400,12482700
KOSPI200,012450,한화에어로스페이스,44.8,60일선 위 추세,,,1092000.0,1039483.33,-0.93,5.05,2.58,-3.62,,,,Y,1.27,-3.62,-278.2,368.5,-107.7,253.5,-27819831500,36846551500,-10773867500,25349833500
KOSPI200,003240,태광산업,42.9,60일선 위 추세,,,904000.0,882983.33,0.17,2.38,-0.63,-2.27,,,,Y,0.62,-0.44,-1.0,-5.9,-2.2,-3.7,-97598500,-587591500,-216058500,-369883500
KOSPI200,298020,효성티앤씨,41.6,60일선 위 추세,,,328000.0,313966.67,0.27,4.47,-0.11,-5.75,,,,Y,0.7,-1.2,28.4,-35.1,7.4,-10.0,2841012000,-3508958500,735099250,-1000141000
KOSPI200,002840,미원상사,40.6,60일선 위 추세,,,134800.0,126626.67,3.97,6.45,1.34,-0.52,,,,Y,0.6,0.15,-0.1,1.1,-0.4,0.5,-6613000,106983300,-41780600,47666100
KOSPI200,028670,팬오션,40.0,60일선 위 추세,,,5770.0,5494.92,4.64,5.01,0.11,-5.1,,,,Y,0.63,-4.63,-121.5,64.7,-14.4,-9.3,-12148162850,6469983695,-1442128525,-931872510
KOSPI200,267270,HD건설기계,37.8,60일선 위 추세,,,140400.0,130736.67,-1.84,7.39,4.33,-1.82,,,,Y,0.95,1.45,-131.5,191.2,-86.1,168.2,-13154157100,19122141700,-8611027000,16818789050
KOSDAQ150,032190,다우데이타,37.6,60일선 위 추세,,,20200.0,19092.83,1.33,5.8,-0.24,-1.22,,,,Y,0.65,-0.25,1.4,-0.0,3.1,0.3,137443040,-2280580,309227585,28821280
KOSPI200,047050,포스코인터내셔널,36.3,60일선 위 추세,,,57100.0,52925.0,-2.16,7.89,3.24,-1.72,,,,Y,0.23,2.7,-385.9,373.7,-180.0,259.5,-38587255950,37367179700,-18001654050,25945498450
KOSDAQ150,352480,씨앤씨인터내셔널,34.2,60일선 위 추세,,,22000.0,20572.67,3.33,6.94,0.09,-1.79,,,,Y,0.71,0.92,-1.4,5.2,-1.0,1.9,-140765100,524808680,-96940300,194362800
KOSDAQ150,323280,태성,27.1,60일선 위 추세,,,45250.0,42039.17,-4.22,7.64,0.3,-9.23,,,,Y,0.58,2.14,-3.4,-2.9,-5.2,-0.9,-342598475,-292308575,-524670500,-86902050
KOSPI200,010950,S-Oil,25,과열·추격 주의,,,149700.0,137235.0,10.93,9.08,0.02,-9.76,,,,Y,0.7,2.89,124.9,12.6,17.9,117.1,12492490950,1256504500,1791781250,11708728850
KOSPI200,103140,풍산,25,과열·추격 주의,,,79700.0,72991.67,2.96,9.19,3.76,-0.25,,,,Y,0.66,2.71,8.3,27.6,25.6,11.2,829519050,2762520500,2556430600,1124314650
KOSPI200,082740,한화엔진,25,과열·추격 주의,,,51600.0,46778.33,-6.78,10.31,7.66,-4.09,,,,Y,1.41,2.58,-430.1,434.7,-82.1,240.6,-43012525725,43465362175,-8205587800,24063744600
KOSPI200,093370,후성,25,과열·추격 주의,,,14570.0,12404.5,-5.26,17.46,1.14,-0.48,,,,Y,2.02,2.46,-114.1,152.6,12.4,-40.4,-11411901680,15258572675,1243438950,-4043711780
KOSPI200,004020,현대제철,25,과열·추격 주의,,,35850.0,28943.33,-3.2,23.86,-0.12,0.0,,,,Y,1.4,10.31,-248.6,142.2,-117.1,24.6,-24855338825,14222691700,-11709170725,2464737325
KOSDAQ150,036830,솔브레인홀딩스,20,과열·추격 주의,,,41400.0,37394.17,-1.82,10.71,-0.46,-6.12,,,,Y,0.74,1.1,2.3,0.7,0.9,-0.6,228538425,67270100,92560700,-62938725
KOSDAQ150,232140,와이씨,20,과열·추격 주의,,,11960.0,10751.67,-9.88,11.24,1.51,-1.97,,,,Y,0.44,6.12,14.1,-2.5,-17.7,-1.0,1406068860,-250366800,-1773378380,-101598570
KOSPI200,002030,아세아,20,과열·추격 주의,,,218000.0,192630.0,4.38,13.17,1.76,-3.75,,,,Y,0.55,0.0,-3.9,4.3,-1.3,1.7,-387436250,433361250,-126791000,170347000
KOSDAQ150,036810,에프에스티,20,과열·추격 주의,,,26950.0,23406.33,-6.04,15.14,2.57,-0.55,,,,Y,0.55,6.52,-3.3,3.8,-5.2,2.8,-328742875,378905800,-523517675,283709175
KOSDAQ150,064760,티씨케이,20,과열·추격 주의,,,269000.0,227673.33,-1.92,18.15,1.71,-1.47,,,,Y,0.69,5.08,-32.8,27.5,9.8,-17.5,-3280087000,2750635750,978705250,-1754829250
KOSDAQ150,009520,포스코엠텍,16.0,과열·추격 주의,,,12720.0,11776.0,-5.78,8.02,0.05,-2.45,,,,Y,0.47,1.44,0.4,-0.5,5.2,0.6,41252235,-45109105,516306490,60798685
KOSDAQ150,161580,필옵틱스,15,과열·추격 주의,,,31500.0,29025.83,-12.4,8.52,0.78,-11.02,,,,Y,0.65,2.77,-53.9,1.7,-45.5,0.1,-5393754625,170022975,-4550009725,6273200
KOSPI200,012750,에스원,15,과열·추격 주의,,,83400.0,76205.0,3.88,9.44,-0.7,-2.23,,,,Y,0.97,-2.23,-60.9,58.8,-15.0,12.7,-6088155450,5879009300,-1500697400,1265478350
KOSDAQ150,041190,우리기술투자,15,과열·추격 주의,,,5560.0,5036.58,2.45,10.39,-0.48,-7.79,,,,Y,0.24,-2.11,-11.3,1.2,-7.5,3.7,-1132497395,122314730,-752676070,371011945
KOSPI200,180640,한진칼,15,과열·추격 주의,,,139200.0,124196.67,5.62,12.08,-0.39,-6.51,,,,Y,0.65,1.53,-8.9,-8.9,-28.0,16.9,-893872400,-886468400,-2804203900,1688146100
KOSDAQ150,124500,아이티센글로벌,15,과열·추격 주의,,,30200.0,26601.17,-6.26,13.53,-0.15,-11.44,,,,Y,0.52,-5.63,5.1,-28.3,25.3,-5.3,505042775,-2831217400,2532151900,-526832925
KOSDAQ150,095340,ISC,15,과열·추격 주의,,,186300.0,158605.0,-4.58,17.46,1.8,-2.26,,,,Y,0.69,4.43,-30.2,-15.5,-67.0,18.5,-3019255350,-1545604150,-6703835700,1854561300
KOSDAQ150,032820,우리기술,15,과열·추격 주의,,,13970.0,11356.17,-6.06,23.02,4.01,-4.32,,,,Y,0.72,1.82,-52.5,20.3,39.7,14.1,-5248411700,2031629890,3965839855,1414132585
KOSDAQ150,241710,코스메카코리아,15,과열·추격 주의,,,132100.0,105306.67,26.21,25.44,1.23,-3.29,,,,Y,0.94,1.69,-266.8,266.0,-67.7,46.7,-26684686000,26601691900,-6769375800,4672184150
KOSDAQ150,036930,주성엔지니어링,10,과열·추격 주의,,,204500.0,173823.33,-3.68,17.65,3.75,-7.47,,,,Y,0.88,0.99,-740.8,-243.3,-163.8,-33.8,-74077690650,-24333369300,-16381403500,-3379155500
